[
  {
    "id": "Swadhin_Kumar___2.pdf#chunk0",
    "text": "Swadhin Kumar\nPuri, Odisha 752002|+91 9040444559|swadhinkumar2004@gmail.com|linkedin.com/in/swadhin-kumar-400aa71a0",
    "metadata": {
      "source": "Swadhin_Kumar___2.pdf",
      "fileName": "Swadhin_Kumar___2.pdf",
      "type": ".pdf",
      "section": "Introduction",
      "chunkIndex": 0,
      "totalChunks": 9
    }
  },
  {
    "id": "Swadhin_Kumar___2.pdf#chunk1",
    "text": "Objective\nB.Tech (CSE, Data Science) graduate seeking an IT industry role to apply my skills in development,\nanalytics, and cloud solutions.  Enthusiastic about innovative projects in fast-paced environments, combining\ntechnical acumen and effective communication.",
    "metadata": {
      "source": "Swadhin_Kumar___2.pdf",
      "fileName": "Swadhin_Kumar___2.pdf",
      "type": ".pdf",
      "section": "Objective",
      "chunkIndex": 1,
      "totalChunks": 9
    }
  },
  {
    "id": "Swadhin_Kumar___2.pdf#chunk2",
    "text": "Professional Summary\nResourceful computer science graduate with hands-on project delivery in web development, ML solutions,\nand cloud integration.  Detail-oriented and collaborative, with experience supporting teams and handling\nchallenging business scenarios.  Quick learner, driven by results and continual improvement.",
    "metadata": {
      "source": "Swadhin_Kumar___2.pdf",
      "fileName": "Swadhin_Kumar___2.pdf",
      "type": ".pdf",
      "section": "Professional Summary",
      "chunkIndex": 2,
      "totalChunks": 9
    }
  },
  {
    "id": "Swadhin_Kumar___2.pdf#chunk3",
    "text": "Education\nGIET University, GunupurJul 2022 – Jun 2025\nBachelor of Technology in Computer ScienceCGPA: 6.98/10, Data Science Specialization\nCTTC, BhubaneswarJul 2022\nDiploma in Mechatronics75.6%\nDAV Public School, PuriJul 2019\nCBSE83.6%",
    "metadata": {
      "source": "Swadhin_Kumar___2.pdf",
      "fileName": "Swadhin_Kumar___2.pdf",
      "type": ".pdf",
      "section": "Education",
      "chunkIndex": 3,
      "totalChunks": 9
    }
  },
  {
    "id": "Swadhin_Kumar___2.pdf#chunk4",
    "text": "Technical Skills\nProgramming Languages:Python, Java, C#, SQL, PHP, HTML, CSS, JavaScript\nFrameworks:Django, Flask, Node.js, React.js, ASP.NET, Bootstrap, FastAPI\nTools:VS Code, Git, Android Studio, Jira, Figma, ServiceNow, Power BI, Streamlit\nData Science:Pandas, Scikit-learn, OpenCV, TensorFlow, ML, Data Visualization, Forecasting\nDatabases/Cloud:MySQL, PostgreSQL, MongoDB, Azure basics, SQLite\nCRM/ERP:Salesforce Trailhead, ServiceNow\nSystem/Networking:Windows/Linux, LAN/Wi-Fi troubleshooting, HTTP/HTTPS, DNS, VPN\nGeneral:Problem solving, debugging, agile teamwork, technical documentation\nInternships and Experience\nWipro TalentNextRemote\nProject Intern2024\n–Developed, tested, and deployed full-stack web apps using .NET stack and SQL\n–Built dynamic UIs and scalable backend systems; integrated REST APIs\n–Active code reviews, trouble-shooting, and collaborative development in agile teams\nSalesforceRemote\n.NET Developer InternMay 2024 – Sep 2025\n–Gained CRM fundamentals via Trailhead:  data security, user management, workflow automation\n–Designed, customized, and deployed business process solutions for end users\nLogozon Edutech Pvt. LtdRemote\nData Analytics InternMay 2023 – Jun 2023\n–Built Power BI dashboards integrating multiple data sources for real-time reporting\n–Performed data cleansing, profiling, and visualization, delivering actionable business insights\n–Created user documentation and provided support for dashboard usage",
    "metadata": {
      "source": "Swadhin_Kumar___2.pdf",
      "fileName": "Swadhin_Kumar___2.pdf",
      "type": ".pdf",
      "section": "Technical Skills",
      "chunkIndex": 4,
      "totalChunks": 9
    }
  },
  {
    "id": "Swadhin_Kumar___2.pdf#chunk5",
    "text": "Projects\nRainfall Prediction using Satellite Data|Python, TensorFlow, OpenCV2025\n–ML-based forecast model leveraging satellite imagery for early warning; advanced data preprocessing and\ntime-series modeling\n–Project Repo:  github.com/Octavian-ai/Rainfall-Prediction\nLoan Repayment Risk Platform|Python, Streamlit, PostgreSQL2025\n–Built interactive dashboards with ML models for financial risk analysis on real loan datasets\n–Project Repo:  github.com/Vatshayan/Loan-Repayment-ML\n\nDeskbot - AI Desktop Assistant|Python, Tkinter, API Integration2024\n–Developed cross-platform productivity assistant supporting web search, messaging and automation\n–Integrated OpenAI, weather and emails using respective APIs\n–Project Repo:  github.com/pranavsindura/Deskbot\nWebsite Vulnerability Analyzer|Python, Flask, Bootstrap2023\n–Secured web tool for scanning vulnerabilities (XSS, SQLi, header flaws), auto-generating reports\n–Project Repo:  github.com/MdAmiruddin/Website-Vulnerability-Analyzer\nRelevant Coursework\nData Structures & Algorithms\nDatabase Management Systems\nMachine Learning\nComputer Networks\nOperating Systems\nData Visualization\nWeb Technologies\nCloud Computing\nExtracurricular & Leadership Activities\nMember, Coding Club GIET (2022-2025):  Organized workshops and code marathons\nFinalist, College Hackathon (2024):  Developed real-time data logger and dashboard",
    "metadata": {
      "source": "Swadhin_Kumar___2.pdf",
      "fileName": "Swadhin_Kumar___2.pdf",
      "type": ".pdf",
      "section": "Projects",
      "chunkIndex": 5,
      "totalChunks": 9
    }
  },
  {
    "id": "Swadhin_Kumar___2.pdf#chunk6",
    "text": "Volunteer, TechFest (2023):  Coordinated technical events and managed sponsors\nMentor, Peer Programming:  Helped juniors with Data Science and Python basics",
    "metadata": {
      "source": "Swadhin_Kumar___2.pdf",
      "fileName": "Swadhin_Kumar___2.pdf",
      "type": ".pdf",
      "section": "Volunteer",
      "chunkIndex": 6,
      "totalChunks": 9
    }
  },
  {
    "id": "Swadhin_Kumar___2.pdf#chunk7",
    "text": "Achievements\nWon “Best Project” in college miniproject expo (2023)\nTop 5% performer in Kaggle Python challenge\nCompleted Google Data Analytics Certification\nMaintained CGPA>6.9 throughout engineering",
    "metadata": {
      "source": "Swadhin_Kumar___2.pdf",
      "fileName": "Swadhin_Kumar___2.pdf",
      "type": ".pdf",
      "section": "Achievements",
      "chunkIndex": 7,
      "totalChunks": 9
    }
  },
  {
    "id": "Swadhin_Kumar___2.pdf#chunk8",
    "text": "Certifications\nHackerRank Python (Basic)\nKaggle Python (Basic)\nWipro TalentNext DotNet Full Stack\nNPTEL - Joy of Computing Using Python\nNPTEL - Programming in Java\nMicrosoft Cloud Fundamentals\nGoogle Data Analytics (Coursera)\nAdditional Information\nStrengths:Diligent, collaborative, troubleshooting, resourceful, adaptive, strong communication\nPortfolio:github.com/swadhinkumar2004",
    "metadata": {
      "source": "Swadhin_Kumar___2.pdf",
      "fileName": "Swadhin_Kumar___2.pdf",
      "type": ".pdf",
      "section": "Certifications",
      "chunkIndex": 8,
      "totalChunks": 9
    }
  }
]